source,destination,permanent
/services,/prestations,true
/consultations,/prestations,true
/formules,/prestations,true
/bienfaits,/,true
/avis,/,true
/temoignages,/,true
/a-propos,/,true
/about,/,true
/faq,/,true
/contact,/,true
/rendezvous,/,true
/numerologie-paris,/consultation-a-distance,true
/cartomancie-paris,/consultation-a-distance,true
/soin-lahochi-paris,/consultation-a-distance,true
/numerologie-nice,/consultation-a-distance,true
/cartomancie-nice,/consultation-a-distance,true
/soin-lahochi-nice,/consultation-a-distance,true
/numerologie-cannes,/consultation-a-distance,true
/cartomancie-cannes,/consultation-a-distance,true
/soin-lahochi-cannes,/consultation-a-distance,true
/numerologie-bordeaux,/consultation-a-distance,true
/cartomancie-bordeaux,/consultation-a-distance,true
/soin-lahochi-bordeaux,/consultation-a-distance,true
/numerologie-lyon,/consultation-a-distance,true
/cartomancie-lyon,/consultation-a-distance,true
/soin-lahochi-lyon,/consultation-a-distance,true
/numerologie-marseille,/consultation-a-distance,true
/cartomancie-marseille,/consultation-a-distance,true
/soin-lahochi-marseille,/consultation-a-distance,true
/numerologie-la-rochelle,/consultation-a-distance,true
/cartomancie-la-rochelle,/consultation-a-distance,true
/soin-lahochi-la-rochelle,/consultation-a-distance,true
/numerologie-toulouse,/consultation-a-distance,true
/cartomancie-toulouse,/consultation-a-distance,true
/soin-lahochi-toulouse,/consultation-a-distance,true
/numerologie-nantes,/consultation-a-distance,true
/cartomancie-nantes,/consultation-a-distance,true
/soin-lahochi-nantes,/consultation-a-distance,true
/numerologie-montpellier,/consultation-a-distance,true
/cartomancie-montpellier,/consultation-a-distance,true
/soin-lahochi-montpellier,/consultation-a-distance,true
/numerologie-rennes,/consultation-a-distance,true
/cartomancie-rennes,/consultation-a-distance,true
/soin-lahochi-rennes,/consultation-a-distance,true
/numerologie-strasbourg,/consultation-a-distance,true
/cartomancie-strasbourg,/consultation-a-distance,true
/soin-lahochi-strasbourg,/consultation-a-distance,true
/numerologie-monaco,/consultation-a-distance,true
/cartomancie-monaco,/consultation-a-distance,true
/soin-lahochi-monaco,/consultation-a-distance,true
/numerologie-bruxelles,/consultation-a-distance,true
/cartomancie-bruxelles,/consultation-a-distance,true
/soin-lahochi-bruxelles,/consultation-a-distance,true
/numerologie-liege,/consultation-a-distance,true
/cartomancie-liege,/consultation-a-distance,true
/soin-lahochi-liege,/consultation-a-distance,true
/numerologie-geneve,/consultation-a-distance,true
/cartomancie-geneve,/consultation-a-distance,true
/soin-lahochi-geneve,/consultation-a-distance,true
/numerologie-lausanne,/consultation-a-distance,true
/cartomancie-lausanne,/consultation-a-distance,true
/soin-lahochi-lausanne,/consultation-a-distance,true
/numerologie-luxembourg,/consultation-a-distance,true
/cartomancie-luxembourg,/consultation-a-distance,true
/soin-lahochi-luxembourg,/consultation-a-distance,true
/numerologie-montreal,/consultation-a-distance,true
/cartomancie-montreal,/consultation-a-distance,true
/soin-lahochi-montreal,/consultation-a-distance,true
